{
    "version": 1,
    "models": {
        "EarlyAccessRegistration": {
            "name": "EarlyAccessRegistration",
            "fields": {
                "id": {
                    "name": "id",
                    "isArray": false,
                    "type": "ID",
                    "isRequired": true,
                    "attributes": []
                },
                "firstName": {
                    "name": "firstName",
                    "isArray": false,
                    "type": "String",
                    "isRequired": true,
                    "attributes": []
                },
                "lastName": {
                    "name": "lastName",
                    "isArray": false,
                    "type": "String",
                    "isRequired": true,
                    "attributes": []
                },
                "companyName": {
                    "name": "companyName",
                    "isArray": false,
                    "type": "String",
                    "isRequired": true,
                    "attributes": []
                },
                "email": {
                    "name": "email",
                    "isArray": false,
                    "type": "String",
                    "isRequired": true,
                    "attributes": []
                },
                "phoneNumber": {
                    "name": "phoneNumber",
                    "isArray": false,
                    "type": "String",
                    "isRequired": true,
                    "attributes": []
                },
                "termsAccepted": {
                    "name": "termsAccepted",
                    "isArray": false,
                    "type": "Boolean",
                    "isRequired": true,
                    "attributes": []
                },
                "registrationDate": {
                    "name": "registrationDate",
                    "isArray": false,
                    "type": "AWSDateTime",
                    "isRequired": true,
                    "attributes": []
                },
                "createdAt": {
                    "name": "createdAt",
                    "isArray": false,
                    "type": "AWSDateTime",
                    "isRequired": false,
                    "attributes": [],
                    "isReadOnly": true
                },
                "updatedAt": {
                    "name": "updatedAt",
                    "isArray": false,
                    "type": "AWSDateTime",
                    "isRequired": false,
                    "attributes": [],
                    "isReadOnly": true
                }
            },
            "syncable": true,
            "pluralName": "EarlyAccessRegistrations",
            "attributes": [
                {
                    "type": "model",
                    "properties": {}
                },
                {
                    "type": "auth",
                    "properties": {
                        "rules": [
                            {
                                "allow": "public",
                                "provider": "apiKey",
                                "operations": [
                                    "create",
                                    "read"
                                ]
                            }
                        ]
                    }
                }
            ],
            "primaryKeyInfo": {
                "isCustomPrimaryKey": false,
                "primaryKeyFieldName": "id",
                "sortKeyFieldNames": []
            }
        }
    },
    "enums": {},
    "nonModels": {}
}